99,"Hussain khan",mk5558958@gmail.com,2147483647,"irum colony mardan kpk pakistan",2023-06-02,2023-06-06,1,2,3,0000-00-00,0000-00-00,Qwertt
100,"Hussain khan",mk5558958@gmail.com,2147483647,"irum colony mardan kpk pakistan",2023-06-02,2023-06-06,1,2,3,0000-00-00,0000-00-00,
101,"Hussain khan",mk5558958@gmail.com,2147483647,"irum colony mardan kpk pakistan",2023-06-02,2023-06-06,1,2,3,0000-00-00,0000-00-00,
102,"Hussain khan",mk5558958@gmail.com,2147483647,"irum colony mardan kpk pakistan",2023-06-02,2023-06-06,1,2,3,0000-00-00,0000-00-00,
103,"Hussain khan",mk5558958@gmail.com,2147483647,"irum colony mardan kpk pakistan",2023-06-02,2023-06-23,2,3,4,0000-00-00,0000-00-00,
104,"Hussain khan",mk5558958@gmail.com,2147483647,"irum colony mardan kpk pakistan",2023-06-21,2023-06-30,3,4,5,0000-00-00,0000-00-00,
105,"Hussain khan",mk5558958@gmail.com,2147483647,"irum colony mardan kpk pakistan",2023-06-21,2023-06-30,3,4,5,0000-00-00,0000-00-00,
106,"Muhammad Hussain",mhussain.programmer@gmail.com,2147483647,"str 4 house 3l irum colony",2023-06-02,2023-06-21,2,3,4,0000-00-00,0000-00-00,
107,"Muhammad Hussain",mhussain.programmer@gmail.com,2147483647,"str 4 house 3l irum colony",2023-06-02,2023-06-21,2,3,4,0000-00-00,0000-00-00,
108,"Muhammad Hussain",mhussain.programmer@gmail.com,2147483647,"str 4 house 3l irum colony",2023-06-02,2023-06-21,2,3,4,0000-00-00,0000-00-00,
109,"Muhammad Hussain",mhussain.programmer@gmail.com,2147483647,"str 4 house 3l irum colony",2023-06-02,2023-06-21,2,3,4,0000-00-00,0000-00-00,
110,"Muhammad Hussain",mhussain.programmer@gmail.com,2147483647,"str 4 house 3l irum colony",2023-06-23,2023-06-26,1,23,4,0000-00-00,0000-00-00,
111,"Hussain khan",mk5558958@gmail.com,2147483647,"irum colony mardan kpk pakistan",2023-06-22,2023-06-26,1,2,3,0000-00-00,0000-00-00,
112,"Hussain khan",mk5558958@gmail.com,2147483647,"irum colony mardan kpk pakistan",2023-06-22,2023-06-26,1,2,3,0000-00-00,0000-00-00,
113,"Hussain khan",mk5558958@gmail.com,2147483647,"irum colony mardan kpk pakistan",2023-06-22,2023-06-26,1,2,3,0000-00-00,0000-00-00,
114,"Hussain khan",mk5558958@gmail.com,2147483647,"irum colony mardan kpk pakistan",2023-06-10,2023-06-07,1,2,3,0000-00-00,0000-00-00,
115,asdasdasd,asdasdasd@asdasd.com,313164613,asdasdasd,2023-06-01,2023-06-15,1,2,3,0000-00-00,0000-00-00,
116,"Muhammad Hussain",mhussain.programmer@gmail.com,2147483647,"str 4 house 3l irum colony",USA,UK,1,2,3,0000-00-00,0000-00-00,
117,"Hussain khan",mk5558958@gmail.com,2147483647,"irum colony mardan kpk pakistan",USA,UK,1,2,3,0000-00-00,0000-00-00,
118,"Hussain khan",mk5558958@gmail.com,2147483647,"irum colony mardan kpk pakistan",USA,UK,1,2,3,0000-00-00,0000-00-00,
119,"Francier raujen",asd@asd.com,2147483647,"irum colony mardan kpk pakistan",USA,PK,1,2,3,2023-06-23,2023-06-27,
120,new,new@new.com,123456778,asdasdasd,USA,PK,20,10,20,2023-06-09,2023-06-22,
121,"Hussain khan",mk5558958@gmail.com,2147483647,"irum colony mardan kpk pakistan",asdasd,asdasda,23,3,34,2023-06-30,2023-06-29,
122,"Muhammad Hussain",mhussain.programmer@gmail.com,2147483647,"str 4 house 3l irum colony",asdasd,asd,32,43,54,2023-06-16,2023-06-16,
123,step1,step1@step1.com,123456789,step1step1step1step1,step1,step2,12,21,12,2023-06-23,2023-07-04,
124,"Hussain khan",mk5558958@gmail.com,2147483647,"irum colony mardan kpk pakistan",sad,asd,3,4,5,2023-06-27,2023-06-20,
125,asd,dsa@dsdfsdfsdfsdf.com,123456798,asdasdasdasd,,,2,2,2,0000-00-00,0000-00-00,
126,"Hussain khan",mk5558958@gmail.com,2147483647,"irum colony mardan kpk pakistan",,,123,432,12,0000-00-00,0000-00-00,
127,"Muhammad Hussain",mhussain.programmer@gmail.com,2147483647,"str 4 house 3l irum colony",,,1,2,3,0000-00-00,0000-00-00,
128,"Francier raujen",asd@qxc.com,2147483647,"irum colony mardan kpk pakistan",,,1,2,3,0000-00-00,0000-00-00,
129,asd,asd@asd.com,12345678,asdasdasdaasdasds,a,d,2,3,2,2023-06-14,2023-06-29,asd
130,"Muhammad Hussain",mhussain.programmer@gmail.com,2147483647,"str 4 house 3l irum colony",,,1,2,3,0000-00-00,0000-00-00,Qwertt
131,"Muhammad Hussain",mhussain.programmer@gmail.com,2147483647,"str 4 house 3l irum colony",option3,Qwertt,1,2,3,0000-00-00,0000-00-00,
132,"Muhammad Hussain",mhussain.programmer@gmail.com,2147483647,"str 4 house 3l irum colony",option2,Qwertt,1,2,3,0000-00-00,0000-00-00,Qwertt
133,"Muhammad Hussain",mhussain.programmer@gmail.com,2147483647,"str 4 house 3l irum colony",option2,Qwertt,1,2,3,0000-00-00,0000-00-00,
134,"Francier raujen",mhussain.programmer@gmail.com,2147483647,"irum colony mardan kpk pakistan",option2,Khan,1,2,3,2023-06-27,2023-07-01,
